,,,個,,,,,other,,100,,,0,,,,,100,,,,log,,oak,,100,1,1000,,100,1000,,,,,,,,,,,,,,,,,,,,
YarCraft_ring_of_fire_cold,炎冷の指輪,,個,m,ring of fire and cold,,,ring,,100,,obj_S flat,1214,,,,,,,,factory_accessory,plat/30,,platinum,metal,3000,20,0,0,,1,,EquipItem,"resFire/30,resCold/30,negateSteal",,,,,"10,10",,,,,,"noDrop,noShop",,,,,それは火炎と冷気の耐性を上げる指輪だ,It's a ring that increases Resi of Fire and Cold.
YarCraft_amulet_of_fire_cold,炎冷のお守り,,個,m,amulet of fire and cold,,,amulet,,100,,obj_S flat,1317,,,,,,,,factory_accessory,plat/30,,platinum,metal,3000,20,0,0,,1,,EquipItem,"resFire/30,resCold/30,negateSteal",,,,,"10,10",,,,,,"noDrop,noShop",,,,,それは火炎と冷気の耐性を上げるお守りだ,It's a amulet that increases Resi of Fire and Cold.
YarCraft_ring_of_music,音楽家の指輪,,個,m,ring of music,,,ring,,100,,obj_S flat,1214,,,,,,,,factory_accessory,plat/20,,platinum,metal,2000,20,0,0,,1,,EquipItem,"featPianist/2,music/20",,,,,"10,10",,,,,,"noDrop,noShop",,,,,それは演奏適性を上げる指輪だ,It's a ring that increases Music.
YarCraft_amulet_of_music,音楽家のお守り,,個,m,amulet of music,,,amulet,,100,,obj_S flat,1317,,,,,,,,factory_accessory,plat/20,,platinum,metal,2000,20,0,0,,1,,EquipItem,"featPianist/2,music/20",,,,,"10,10",,,,,,"noDrop,noShop",,,,,それは演奏適性を上げるお守りだ,It's a amulet that increases Music.
YarCraft_dagger_hocho,包丁,,振り,m,kitchen knife,,,dagger,,100,,obj_S EQ,1001,,,,,100,,,anvil,"ingot,stick,+magic_stone",,iron,metal,2400,24,50,0,100,400,0,,cooking/4,1,Slash,"1,14,5,1",40,,,,,,,"noDrop,noShop",,,,,主に調理に用いられる短剣だ。,A knife mainly used for cooking.
YarCraft_dagger_hocho_wood,包丁,,振り,m,kitchen knife,,,dagger,,100,,obj_S EQ,1001,,,,,100,,,factory_wood,"log,stick,+magic_stone",,oak,metal,2400,24,50,0,100,400,0,,cooking/4,1,Slash,"1,14,5,1",40,,,,,,,"noDrop,noShop",,,,,主に調理に用いられる短剣だ。,A knife mainly used for cooking.
YarCraft_dagger_hocho_stone,包丁,,振り,m,kitchen knife,,,dagger,,100,,obj_S EQ,1001,,,,,100,,,factory_stone,"rock,stick,+magic_stone",,granite,metal,2400,24,50,0,100,400,0,,cooking/4,1,Slash,"1,14,5,1",40,,,,,,,"noDrop,noShop",,,,,主に調理に用いられる短剣だ。,A knife mainly used for cooking.
YarCraft_dagger_ninto,忍刀,,振り,m,wakizashi,,,dagger,,100,,obj_S EQ,911,,,,,100,,,anvil,"ingot,log,+magic_stone",,iron,metal,500,16,1000,0,100,700,0,,,1,Slash,"4,4,6,5",20,"1,0",,,,,,"noDrop,noShop",,,,,特殊な集団が用いる短剣だ。,A short sword usually worn together with a katana.
YarCraft_dagger_ninto_wood,忍刀,,振り,m,wakizashi,,,dagger,,100,,obj_S EQ,911,,,,,100,,,factory_wood,"log,log,+magic_stone",,oak,metal,500,16,1000,0,100,700,0,,,1,Slash,"4,4,6,5",20,"1,0",,,,,,"noDrop,noShop",,,,,特殊な集団が用いる短剣だ。,A short sword usually worn together with a katana.
YarCraft_dagger_ninto_stone,忍刀,,振り,m,wakizashi,,,dagger,,100,,obj_S EQ,911,,,,,100,,,factory_stone,"rock,log,+magic_stone",,granite,metal,500,16,1000,0,100,700,0,,,1,Slash,"4,4,6,5",20,"1,0",,,,,,"noDrop,noShop",,,,,特殊な集団が用いる短剣だ。,A short sword usually worn together with a katana.
YarCraft_dagger_pirate,海賊刀,,振り,m,scimitar,,,dagger,,100,,obj_S EQ,907,,,,,100,,*,anvil,"ingot,log,+magic_stone",,iron,metal,500,8,1000,0,100,900,0,,,1,Slash,"3,5,7,3",15,"2,0",,,,,,"noDrop,noShop",,,,,刃が湾曲した短剣だ。,A curved sword.
YarCraft_dagger_pirate_wood,海賊刀,,振り,m,scimitar,,,dagger,,100,,obj_S EQ,907,,,,,100,,*,factory_wood,"log,log,+magic_stone",,oak,metal,500,8,1000,0,100,900,0,,,1,Slash,"3,5,7,3",15,"2,0",,,,,,"noDrop,noShop",,,,,刃が湾曲した短剣だ。,A curved sword.
YarCraft_dagger_pirate_stone,海賊刀,,振り,m,scimitar,,,dagger,,100,,obj_S EQ,907,,,,,100,,*,factory_stone,"rock,log,+magic_stone",,granite,metal,500,8,1000,0,100,900,0,,,1,Slash,"3,5,7,3",15,"2,0",,,,,,"noDrop,noShop",,,,,刃が湾曲した短剣だ。,A curved sword.
YarCraft_dagger,短剣,,振り,m,short sword,,,dagger,,100,,obj_S EQ,1026,,,,,100,,*,anvil,"ingot,stick,+magic_stone",,iron,metal,500,1,1000,0,100,600,0,,,1,Slash,"2,6,9,4",15,"4,0",,,,,,"noDrop,noShop",,,,,小型の剣だ。,A small double-edged weapon used for close combat.
YarCraft_dagger_wood,短剣,,振り,m,short sword,,,dagger,,100,,obj_S EQ,1026,,,,,100,,*,factory_wood,"log,stick,+magic_stone",,oak,metal,500,1,1000,0,100,600,0,,,1,Slash,"2,6,9,4",15,"4,0",,,,,,"noDrop,noShop",,,,,小型の剣だ。,A small double-edged weapon used for close combat.
YarCraft_dagger_stone,短剣,,振り,m,short sword,,,dagger,,100,,obj_S EQ,1026,,,,,100,,*,factory_stone,"rock,stick,+magic_stone",,granite,metal,500,1,1000,0,100,600,0,,,1,Slash,"2,6,9,4",15,"4,0",,,,,,"noDrop,noShop",,,,,小型の剣だ。,A small double-edged weapon used for close combat.
YarCraft_sword_claymore,大剣,,振り,m,claymore,,,sword,,100,,obj_S EQ,910,,,,,100,,*,anvil,"ingot/3,log,+magic_stone",,iron,metal,500,9,1000,0,100,4000,0,,,1,Slash,"3,7,1,8",,,,,,,,"noDrop,noShop",,,,,重量感ある剣だ。,A large sword normally held in two hands.
YarCraft_sword_claymore_wood,大剣,,振り,m,claymore,,,sword,,100,,obj_S EQ,910,,,,,100,,*,factory_wood,"log/3,log,+magic_stone",,oak,metal,500,9,1000,0,100,4000,0,,,1,Slash,"3,7,1,8",,,,,,,,"noDrop,noShop",,,,,重量感ある剣だ。,A large sword normally held in two hands.
YarCraft_sword_claymore_stone,大剣,,振り,m,claymore,,,sword,,100,,obj_S EQ,910,,,,,100,,*,factory_stone,"rock/3,log,+magic_stone",,granite,metal,500,9,1000,0,100,4000,0,,,1,Slash,"3,7,1,8",,,,,,,,"noDrop,noShop",,,,,重量感ある剣だ。,A large sword normally held in two hands.
YarCraft_sword_katana,刀,,振り,m,katana,,,sword,,100,,obj_S EQ,912,,,,,100,,,anvil,"ingot/2,log,+magic_stone",,iron,metal,500,18,1000,0,100,1200,0,,,1,Slash,"4,4,0,6",25,,,,,,,"noDrop,noShop",,,,,異国から来た細身の剣だ。,A unique curved sword made through a folding process.
YarCraft_sword_katana_wood,刀,,振り,m,katana,,,sword,,100,,obj_S EQ,912,,,,,100,,,factory_wood,"log/2,log,+magic_stone",,oak,metal,500,18,1000,0,100,1200,0,,,1,Slash,"4,4,0,6",25,,,,,,,"noDrop,noShop",,,,,異国から来た細身の剣だ。,A unique curved sword made through a folding process.
YarCraft_sword_katana_stone,刀,,振り,m,katana,,,sword,,100,,obj_S EQ,912,,,,,100,,,factory_stone,"rock/2,log,+magic_stone",,granite,metal,500,18,1000,0,100,1200,0,,,1,Slash,"4,4,0,6",25,,,,,,,"noDrop,noShop",,,,,異国から来た細身の剣だ。,A unique curved sword made through a folding process.
YarCraft_sword,長剣,,振り,m,long sword,,,sword,,100,,obj_S EQ,1028,,,,,100,,*,anvil,"ingot/2,log,+magic_stone",,iron,metal,500,1,1000,0,100,1500,0,,,1,Slash,"2,8,5,4",15,,,,,,,"noDrop,noShop",,,,,細い刀身の剣だ。,A double-edged sword
YarCraft_sword_wood,長剣,,振り,m,long sword,,,sword,,100,,obj_S EQ,1028,,,,,100,,*,factory_wood,"log/2,log,+magic_stone",,oak,metal,500,1,1000,0,100,1500,0,,,1,Slash,"2,8,5,4",15,,,,,,,"noDrop,noShop",,,,,細い刀身の剣だ。,A double-edged sword
YarCraft_sword_stone,長剣,,振り,m,long sword,,,sword,,100,,obj_S EQ,1028,,,,,100,,*,factory_stone,"rock/2,log,+magic_stone",,granite,metal,500,1,1000,0,100,1500,0,,,1,Slash,"2,8,5,4",15,,,,,,,"noDrop,noShop",,,,,細い刀身の剣だ。,A double-edged sword
YarCraft_axe_bardish,大斧,,振り,m,bardish,,,axe,,100,,obj_S EQ,914,,,,,100,,,anvil,"ingot/3,log,string,+magic_stone",,iron,metal,500,17,1000,0,100,3500,0,,lumberjack/4,1,Slash,"1,24,-8,6",,,,,,,,"noDrop,noShop",,supply,,,刃先の広い斧だ。,A single-bladed axe resembling a polearm.
YarCraft_axe_bardish_wood,大斧,,振り,m,bardish,,,axe,,100,,obj_S EQ,914,,,,,100,,,factory_wood,"log/3,log,string,+magic_stone",,oak,metal,500,17,1000,0,100,3500,0,,lumberjack/4,1,Slash,"1,24,-8,6",,,,,,,,"noDrop,noShop",,supply,,,刃先の広い斧だ。,A single-bladed axe resembling a polearm.
YarCraft_axe_bardish_stone,大斧,,振り,m,bardish,,,axe,,100,,obj_S EQ,914,,,,,100,,,factory_stone,"rock/3,log,string,+magic_stone",,granite,metal,500,17,1000,0,100,3500,0,,lumberjack/4,1,Slash,"1,24,-8,6",,,,,,,,"noDrop,noShop",,supply,,,刃先の広い斧だ。,A single-bladed axe resembling a polearm.
YarCraft_axe_battle,戦斧,,振り,m,battle axe,,,axe,,100,,obj_S EQ,1015,,,,,100,,*,anvil,"ingot/3,log,string,+magic_stone",,iron,metal,500,7,1000,0,100,3700,0,,lumberjack/4,1,Slash,"1,20,-3,4",,,,,,,,"noDrop,noShop",,supply,,,戦闘用に加工された斧だ。,A large double-bladed axe
YarCraft_axe_battle_wood,戦斧,,振り,m,battle axe,,,axe,,100,,obj_S EQ,1015,,,,,100,,*,factory_wood,"log/3,log,string,+magic_stone",,oak,metal,500,7,1000,0,100,3700,0,,lumberjack/4,1,Slash,"1,20,-3,4",,,,,,,,"noDrop,noShop",,supply,,,戦闘用に加工された斧だ。,A large double-bladed axe
YarCraft_axe_battle_stone,戦斧,,振り,m,battle axe,,,axe,,100,,obj_S EQ,1015,,,,,100,,*,factory_stone,"rock/3,log,string,+magic_stone",,granite,metal,500,7,1000,0,100,3700,0,,lumberjack/4,1,Slash,"1,20,-3,4",,,,,,,,"noDrop,noShop",,supply,,,戦闘用に加工された斧だ。,A large double-bladed axe
YarCraft_axe_hand,手斧,,振り,m,hand axe,,,axe,,100,,obj_S EQ,900,,,,,100,,*,anvil,"ingot/2,log,string,+magic_stone",,iron,metal,500,1,1000,0,100,1600,0,,lumberjack/4,1,Slash,"2,9,4,5",,,,,,,,"noDrop,noShop",,supply,,,小型の斧だ。,A small single-bladed axe.
YarCraft_axe_hand_wood,手斧,,振り,m,hand axe,,,axe,,100,,obj_S EQ,900,,,,,100,,*,factory_wood,"log/2,log,string,+magic_stone",,oak,metal,500,1,1000,0,100,1600,0,,lumberjack/4,1,Slash,"2,9,4,5",,,,,,,,"noDrop,noShop",,supply,,,小型の斧だ。,A small single-bladed axe.
YarCraft_axe_hand_stone,手斧,,振り,m,hand axe,,,axe,,100,,obj_S EQ,900,,,,,100,,*,factory_stone,"rock/2,log,string,+magic_stone",,granite,metal,500,1,1000,0,100,1600,0,,lumberjack/4,1,Slash,"2,9,4,5",,,,,,,,"noDrop,noShop",,supply,,,小型の斧だ。,A small single-bladed axe.
YarCraft_axe_machine,機械斧,,振り,m,machine axe,,,axe,,100,,obj_S EQ,1011,,,,,100,,,anvil,"ingot/3,log,string,+magic_stone",,iron,metal,500,14,1000,0,100,3200,0,,lumberjack/4,1,Slash,"2,10,5,3",20,,,,,,,"noDrop,noShop",,supply,,,刃先の広い斧だ。,A single-bladed axe resembling a polearm.
YarCraft_axe_machine_wood,機械斧,,振り,m,machine axe,,,axe,,100,,obj_S EQ,1011,,,,,100,,,factory_wood,"log/3,log,string,+magic_stone",,oak,metal,500,14,1000,0,100,3200,0,,lumberjack/4,1,Slash,"2,10,5,3",20,,,,,,,"noDrop,noShop",,supply,,,刃先の広い斧だ。,A single-bladed axe resembling a polearm.
YarCraft_axe_machine_stone,機械斧,,振り,m,machine axe,,,axe,,100,,obj_S EQ,1011,,,,,100,,,factory_stone,"rock/3,log,string,+magic_stone",,granite,metal,500,14,1000,0,100,3200,0,,lumberjack/4,1,Slash,"2,10,5,3",20,,,,,,,"noDrop,noShop",,supply,,,刃先の広い斧だ。,A single-bladed axe resembling a polearm.
YarCraft_blunt_hammer,大槌,,振り,m,Mallet,,,blunt,,100,,obj_S EQ,917,,,,,100,,,anvil,"ingot/3,log,string,+magic_stone",,iron,metal,500,16,1000,0,100,4200,0,,mining/3,1,Blunt,"2,15,-3,4",,,,,,,,"noDrop,noShop",,,,,重量感ある槌だ。,A tool that is sometimes adopted as a weapon
YarCraft_blunt_hammer_wood,大槌,,振り,m,Mallet,,,blunt,,100,,obj_S EQ,917,,,,,100,,,factory_wood,"log/3,log,string,+magic_stone",,oak,metal,500,16,1000,0,100,4200,0,,mining/3,1,Blunt,"2,15,-3,4",,,,,,,,"noDrop,noShop",,,,,重量感ある槌だ。,A tool that is sometimes adopted as a weapon
YarCraft_blunt_hammer_stone,大槌,,振り,m,Mallet,,,blunt,,100,,obj_S EQ,917,,,,,100,,,factory_stone,"rock/3,log,string,+magic_stone",,granite,metal,500,16,1000,0,100,4200,0,,mining/3,1,Blunt,"2,15,-3,4",,,,,,,,"noDrop,noShop",,,,,重量感ある槌だ。,A tool that is sometimes adopted as a weapon
YarCraft_blunt_club,棍棒,,振り,m,club,,,blunt,,100,,obj_S EQ,916,,,,,100,,*,anvil,"ingot/2,+magic_stone",,iron,metal,500,1,1000,0,100,1000,0,,mining/3,1,Blunt,"3,4,4,7",,,,,,,,"noDrop,noShop",,,,,素材を削り出して作られた棒だ。,A blunt weapon with a round end that is sometimes spiked.
YarCraft_blunt_club_wood,棍棒,,振り,m,club,,,blunt,,100,,obj_S EQ,916,,,,,100,,*,factory_wood,"log/2,+magic_stone",,oak,metal,500,1,1000,0,100,1000,0,,mining/3,1,Blunt,"3,4,4,7",,,,,,,,"noDrop,noShop",,,,,素材を削り出して作られた棒だ。,A blunt weapon with a round end that is sometimes spiked.
YarCraft_blunt_club_stone,棍棒,,振り,m,club,,,blunt,,100,,obj_S EQ,916,,,,,100,,*,factory_stone,"rock/2,+magic_stone",,granite,metal,500,1,1000,0,100,1000,0,,mining/3,1,Blunt,"3,4,4,7",,,,,,,,"noDrop,noShop",,,,,素材を削り出して作られた棒だ。,A blunt weapon with a round end that is sometimes spiked.
YarCraft_blunt_mace,メイス,,振り,m,mace,,,blunt,,100,,obj_S EQ,1023,,,,,100,,*,anvil,"ingot/2,log,+magic_stone",,iron,metal,500,6,1000,0,100,1600,0,,mining/3,1,Blunt,"4,4,5,5",,,,,,,,"noDrop,noShop",,,,,殴打に特化した合成棍棒だ。,A blunt weapon with a round end that is sometimes spiked.
YarCraft_blunt_mace_wood,メイス,,振り,m,mace,,,blunt,,100,,obj_S EQ,1023,,,,,100,,*,factory_wood,"log/2,log,+magic_stone",,oak,metal,500,6,1000,0,100,1600,0,,mining/3,1,Blunt,"4,4,5,5",,,,,,,,"noDrop,noShop",,,,,殴打に特化した合成棍棒だ。,A blunt weapon with a round end that is sometimes spiked.
YarCraft_blunt_mace_stone,メイス,,振り,m,mace,,,blunt,,100,,obj_S EQ,1023,,,,,100,,*,factory_stone,"rock/2,log,+magic_stone",,granite,metal,500,6,1000,0,100,1600,0,,mining/3,1,Blunt,"4,4,5,5",,,,,,,,"noDrop,noShop",,,,,殴打に特化した合成棍棒だ。,A blunt weapon with a round end that is sometimes spiked.
YarCraft_pole_halberd,鉾槍,,振り,m,halberd,,,polearm,,100,,obj_S EQ,913,,,,,100,,,anvil,"ingot/3,log,string,+magic_stone",,iron,metal,500,20,1000,0,100,3800,0,,meleeDistance/1,1,Pierce,"2,10,-2,1",30,,,,,,,"noDrop,noShop",,,,,複数の使い方が出来る槍だ。,A weapon resembling a spear with the head of an axe.
YarCraft_pole_halberd_wood,鉾槍,,振り,m,halberd,,,polearm,,100,,obj_S EQ,913,,,,,100,,,factory_wood,"log/3,log,string,+magic_stone",,oak,metal,500,20,1000,0,100,3800,0,,meleeDistance/1,1,Pierce,"2,10,-2,1",30,,,,,,,"noDrop,noShop",,,,,複数の使い方が出来る槍だ。,A weapon resembling a spear with the head of an axe.
YarCraft_pole_halberd_stone,鉾槍,,振り,m,halberd,,,polearm,,100,,obj_S EQ,913,,,,,100,,,factory_stone,"rock/3,log,string,+magic_stone",,granite,metal,500,20,1000,0,100,3800,0,,meleeDistance/1,1,Pierce,"2,10,-2,1",30,,,,,,,"noDrop,noShop",,,,,複数の使い方が出来る槍だ。,A weapon resembling a spear with the head of an axe.
YarCraft_pole_trident,三叉槍,,振り,m,trident,,,polearm,,100,,obj_S EQ,906,,,,,100,,*,anvil,"ingot/2,log,string,+magic_stone",,iron,metal,500,5,1000,0,100,1800,0,,meleeDistance/1,1,Pierce,"4,4,1,3",25,"3,0",,,,,,"noDrop,noShop",,,,,先が３つに分かれた槍だ。,A three pronged polearm.
YarCraft_pole_trident_wood,三叉槍,,振り,m,trident,,,polearm,,100,,obj_S EQ,906,,,,,100,,*,factory_wood,"log/2,log,string,+magic_stone",,oak,metal,500,5,1000,0,100,1800,0,,meleeDistance/1,1,Pierce,"4,4,1,3",25,"3,0",,,,,,"noDrop,noShop",,,,,先が３つに分かれた槍だ。,A three pronged polearm.
YarCraft_pole_trident_stone,三叉槍,,振り,m,trident,,,polearm,,100,,obj_S EQ,906,,,,,100,,*,factory_stone,"rock/2,log,string,+magic_stone",,granite,metal,500,5,1000,0,100,1800,0,,meleeDistance/1,1,Pierce,"4,4,1,3",25,"3,0",,,,,,"noDrop,noShop",,,,,先が３つに分かれた槍だ。,A three pronged polearm.
YarCraft_spear,長槍,,振り,m,long spear,,,polearm,,100,,obj_S EQ,1012,,,,,100,,*,anvil,"ingot/2,log,string,+magic_stone",,iron,metal,500,1,1000,0,100,2500,0,,meleeDistance/1,1,Pierce,"3,5,2,4",25,"3,0",,,,,,"noDrop,noShop",,,,,細長い槍だ。,A polearm with a sharp point.
YarCraft_spear_wood,長槍,,振り,m,long spear,,,polearm,,100,,obj_S EQ,1012,,,,,100,,*,factory_wood,"log/2,log,string,+magic_stone",,oak,metal,500,1,1000,0,100,2500,0,,meleeDistance/1,1,Pierce,"3,5,2,4",25,"3,0",,,,,,"noDrop,noShop",,,,,細長い槍だ。,A polearm with a sharp point.
YarCraft_spear_stone,長槍,,振り,m,long spear,,,polearm,,100,,obj_S EQ,1012,,,,,100,,*,factory_stone,"rock/2,log,string,+magic_stone",,granite,metal,500,1,1000,0,100,2500,0,,meleeDistance/1,1,Pierce,"3,5,2,4",25,"3,0",,,,,,"noDrop,noShop",,,,,細長い槍だ。,A polearm with a sharp point.
YarCraft_scythe,大鎌,,振り,m,scythe,,,scythe,,100,,obj_S EQ,1000,,,,,100,,,anvil,"ingot/3,log,string,+magic_stone",,iron,metal,500,15,1000,0,100,4000,0,,ActNeckHunt/10,1,Slash,"1,17,3,4",5,,,,,,,"noDrop,noShop",,,,,首をちょんぎれる戦闘用の鎌だ。,"A scythe for combat, designed to behead."
YarCraft_scythe_wood,大鎌,,振り,m,scythe,,,scythe,,100,,obj_S EQ,1000,,,,,100,,,factory_wood,"log/3,log,string,+magic_stone",,oak,metal,500,15,1000,0,100,4000,0,,ActNeckHunt/10,1,Slash,"1,17,3,4",5,,,,,,,"noDrop,noShop",,,,,首をちょんぎれる戦闘用の鎌だ。,"A scythe for combat, designed to behead."
YarCraft_scythe_stone,大鎌,,振り,m,scythe,,,scythe,,100,,obj_S EQ,1000,,,,,100,,,factory_stone,"rock/3,log,string,+magic_stone",,granite,metal,500,15,1000,0,100,4000,0,,ActNeckHunt/10,1,Slash,"1,17,3,4",5,,,,,,,"noDrop,noShop",,,,,首をちょんぎれる戦闘用の鎌だ。,"A scythe for combat, designed to behead."
YarCraft_scythe_sickle,戦鎌,,振り,m,war sickle,,,scythe,,100,,obj_S EQ,815,,,,,100,,*,anvil,"ingot,log,string,+magic_stone",,iron,metal,500,1,1000,0,100,1400,0,,ActNeckHunt/10,1,Slash,"2,5,2,10",5,,,,,,,"noDrop,noShop",,,,,農具としても武器としても使える鎌だ。,A sickle that can be used both as a farming tool and a weapon.
YarCraft_scythe_sickle_wood,戦鎌,,振り,m,war sickle,,,scythe,,100,,obj_S EQ,815,,,,,100,,*,factory_wood,"log,log,string,+magic_stone",,oak,metal,500,1,1000,0,100,1400,0,,ActNeckHunt/10,1,Slash,"2,5,2,10",5,,,,,,,"noDrop,noShop",,,,,農具としても武器としても使える鎌だ。,A sickle that can be used both as a farming tool and a weapon.
YarCraft_scythe_sickle,戦鎌,,振り,m,war sickle,,,scythe,,100,,obj_S EQ,815,,,,,100,,*,factory_stone,"rock,log,string,+magic_stone",,granite,metal,500,1,1000,0,100,1400,0,,ActNeckHunt/10,1,Slash,"2,5,2,10",5,,,,,,,"noDrop,noShop",,,,,農具としても武器としても使える鎌だ。,A sickle that can be used both as a farming tool and a weapon.
YarCraft_staff_long,長棒,,振り,m,long staff,,,staff,,100,,obj_S EQ,918,,,,,100,,*,anvil,"ingot,+magic_stone",,iron,metal,500,1,1000,0,100,800,0,,,1,Blunt,"2,5,3,4",,"4,0",,,,,,"noDrop,noShop",,,,,細長い棒だ。,A staff used primarily as a weapon and sometimes for magic.
YarCraft_staff_long_wood,長棒,,振り,m,long staff,,,staff,,100,,obj_S EQ,918,,,,,100,,*,factory_wood,"log,+magic_stone",,oak,metal,500,1,1000,0,100,800,0,,,1,Blunt,"2,5,3,4",,"4,0",,,,,,"noDrop,noShop",,,,,細長い棒だ。,A staff used primarily as a weapon and sometimes for magic.
YarCraft_staff_long_stone,長棒,,振り,m,long staff,,,staff,,100,,obj_S EQ,918,,,,,100,,*,factory_stone,"rock,+magic_stone",,granite,metal,500,1,1000,0,100,800,0,,,1,Blunt,"2,5,3,4",,"4,0",,,,,,"noDrop,noShop",,,,,細長い棒だ。,A staff used primarily as a weapon and sometimes for magic.
YarCraft_staff,杖,,振り,m,staff,,,staff,,100,,obj_S EQ,919,,,,,100,,*,anvil,"ingot,+magic_stone",,iron,metal,500,8,1000,0,100,900,0,,,1,Blunt,"1,8,4,3",,"4,0",,,,,,"noDrop,noShop",,,,,魔法を補佐する為の棒だ。,A staff used in a variety of ways.
YarCraft_staff_wood,杖,,振り,m,staff,,,staff,,100,,obj_S EQ,919,,,,,100,,*,factory_wood,"log,+magic_stone",,oak,metal,500,8,1000,0,100,900,0,,,1,Blunt,"1,8,4,3",,"4,0",,,,,,"noDrop,noShop",,,,,魔法を補佐する為の棒だ。,A staff used in a variety of ways.
YarCraft_staff_stone,杖,,振り,m,staff,,,staff,,100,,obj_S EQ,919,,,,,100,,*,factory_stone,"rock,+magic_stone",,granite,metal,500,8,1000,0,100,900,0,,,1,Blunt,"1,8,4,3",,"4,0",,,,,,"noDrop,noShop",,,,,魔法を補佐する為の棒だ。,A staff used in a variety of ways.
YarCraft_martial_claw,爪,,振り,m,claw,,,martial,,100,,obj_S EQ,1034,,,,,100,,*,anvil,"ingot,string,+magic_stone",,iron,metal,500,1,1000,0,100,400,0,,,1,Claw,"0,0,-6,4",20,"-2,2",,,,,,"noDrop,noShop",,,,,拳闘に用いられる武器だ。,A weapon employed in close hand-to-hand fighting.
YarCraft_martial_claw_wood,爪,,振り,m,claw,,,martial,,100,,obj_S EQ,1034,,,,,100,,*,factory_wood,"log,string,+magic_stone",,oak,metal,500,1,1000,0,100,400,0,,,1,Claw,"0,0,-6,4",20,"-2,2",,,,,,"noDrop,noShop",,,,,拳闘に用いられる武器だ。,A weapon employed in close hand-to-hand fighting.
YarCraft_martial_claw_stone,爪,,振り,m,claw,,,martial,,100,,obj_S EQ,1034,,,,,100,,*,factory_stone,"rock,string,+magic_stone",,granite,metal,500,1,1000,0,100,400,0,,,1,Claw,"0,0,-6,4",20,"-2,2",,,,,,"noDrop,noShop",,,,,拳闘に用いられる武器だ。,A weapon employed in close hand-to-hand fighting.
YarCraft_martial_glove,グローブ,,振り,m,boxing gloves,pair,,martial,,100,,obj_S EQ,1035,,,,,100,,*,loom,"texture/2,+magic_stone",,hide,leather,500,1,250,0,100,300,0,,,1,Punch,"0,0,5,-3",,"3,2",,,,,,"noDrop,noShop",,,,,拳闘に用いられる武器だ。,A weapon employed in close hand-to-hand fighting.
YarCraft_shield_small,小盾,,個,m,small shield,,,shield,,100,,obj_S flat,1128,,,,,100,,*,anvil,"ingot,log,string,+magic_stone",,iron,metal,500,1,1000,0,100,1200,0,,,1,,,,"3,4",,,,,,"noDrop,noShop",,,,,軽装向けの盾だ。,A small reinforced shield.
YarCraft_shield_small_wood,小盾,,個,m,small shield,,,shield,,100,,obj_S flat,1128,,,,,100,,*,factory_wood,"log,log,string,+magic_stone",,oak,metal,500,1,1000,0,100,1200,0,,,1,,,,"3,4",,,,,,"noDrop,noShop",,,,,軽装向けの盾だ。,A small reinforced shield.
YarCraft_shield_small_stone,小盾,,個,m,small shield,,,shield,,100,,obj_S flat,1128,,,,,100,,*,factory_stone,"rock,log,string,+magic_stone",,granite,metal,500,1,1000,0,100,1200,0,,,1,,,,"3,4",,,,,,"noDrop,noShop",,,,,軽装向けの盾だ。,A small reinforced shield.
YarCraft_shield_round,丸型盾,,個,m,round shield,,,shield,,100,,obj_S flat,1127,,,,,100,,*,anvil,"ingot,log/2,string,+magic_stone",,iron,metal,900,9,1000,0,100,1500,0,,,1,,,,"4,5",,,,,,"noDrop,noShop",,,,,丸い盾だ。,Used to block hostile weapons.
YarCraft_shield_round_wood,丸型盾,,個,m,round shield,,,shield,,100,,obj_S flat,1127,,,,,100,,*,factory_wood,"log,log/2,string,+magic_stone",,oak,metal,900,9,1000,0,100,1500,0,,,1,,,,"4,5",,,,,,"noDrop,noShop",,,,,丸い盾だ。,Used to block hostile weapons.
YarCraft_shield_round_stone,丸型盾,,個,m,round shield,,,shield,,100,,obj_S flat,1127,,,,,100,,*,factory_stone,"rock,log/2,string,+magic_stone",,granite,metal,900,9,1000,0,100,1500,0,,,1,,,,"4,5",,,,,,"noDrop,noShop",,,,,丸い盾だ。,Used to block hostile weapons.
YarCraft_shield,盾,,個,m,shield,,,shield,,100,,obj_S flat,1129,,,,,100,,,anvil,"ingot,log,string,+magic_stone",,iron,metal,1400,15,1000,0,100,1000,0,,,1,,,,"3,6",,,,,,"noDrop,noShop",,,,,手に装備するタイプの防具だ。,A shield with a crest.
YarCraft_shield_wood,盾,,個,m,shield,,,shield,,100,,obj_S flat,1129,,,,,100,,,factory_wood,"log,log,string,+magic_stone",,oak,metal,1400,15,1000,0,100,1000,0,,,1,,,,"3,6",,,,,,"noDrop,noShop",,,,,手に装備するタイプの防具だ。,A shield with a crest.
YarCraft_shield_stone,盾,,個,m,shield,,,shield,,100,,obj_S flat,1129,,,,,100,,,factory_stone,"rock,log,string,+magic_stone",,granite,metal,1400,15,1000,0,100,1000,0,,,1,,,,"3,6",,,,,,"noDrop,noShop",,,,,手に装備するタイプの防具だ。,A shield with a crest.
YarCraft_shield_composite,合成盾,,個,m,composite shield,,,shield,,100,,obj_S flat,1130,,,,,100,,,anvil,"ingot/2,log,string,+magic_stone",,iron,metal,1800,24,1000,0,100,1400,0,,,1,,,,"2,8",,,,,,"noDrop,noShop",,,,,固い盾だ。,A large circular shield.
YarCraft_shield_composite_wood,合成盾,,個,m,composite shield,,,shield,,100,,obj_S flat,1130,,,,,100,,,factory_wood,"log/2,log,string,+magic_stone",,oak,metal,1800,24,1000,0,100,1400,0,,,1,,,,"2,8",,,,,,"noDrop,noShop",,,,,固い盾だ。,A large circular shield.
YarCraft_shield_composite_stone,合成盾,,個,m,composite shield,,,shield,,100,,obj_S flat,1130,,,,,100,,,factory_stone,"rock/2,log,string,+magic_stone",,granite,metal,1800,24,1000,0,100,1400,0,,,1,,,,"2,8",,,,,,"noDrop,noShop",,,,,固い盾だ。,A large circular shield.
YarCraft_shield_knight,騎士盾,,個,m,knight shield,,,shield,,100,,obj_S flat,1132,,,,,100,,,anvil,"ingot/3,log,string,+magic_stone",,iron,metal,2500,32,1000,0,100,3500,0,,,1,,,,"-3,13",,,,,,"noDrop,noShop",,,,,長い盾だ。,A shield shaped like a kite.
YarCraft_shield_knight_wood,騎士盾,,個,m,knight shield,,,shield,,100,,obj_S flat,1132,,,,,100,,,factory_wood,"log/3,log,string,+magic_stone",,oak,metal,2500,32,1000,0,100,3500,0,,,1,,,,"-3,13",,,,,,"noDrop,noShop",,,,,長い盾だ。,A shield shaped like a kite.
YarCraft_shield_knight_stone,騎士盾,,個,m,knight shield,,,shield,,100,,obj_S flat,1132,,,,,100,,,factory_stone,"rock/3,log,string,+magic_stone",,granite,metal,2500,32,1000,0,100,3500,0,,,1,,,,"-3,13",,,,,,"noDrop,noShop",,,,,長い盾だ。,A shield shaped like a kite.
YarCraft_shield_tower,重層盾,,個,m,tower shield,,,shield,,100,,obj_S flat,1133,,,,,100,,,anvil,"ingot/2,log/2,string,+magic_stone",,iron,metal,3200,46,1000,0,100,2400,0,,,1,,,,"-1,10",,,,,,"noDrop,noShop",,,,,非常に重い盾だ。,It's like your very on portable wall!
YarCraft_shield_tower_wood,重層盾,,個,m,tower shield,,,shield,,100,,obj_S flat,1133,,,,,100,,,factory_wood,"log/2,log/2,string,+magic_stone",,oak,metal,3200,46,1000,0,100,2400,0,,,1,,,,"-1,10",,,,,,"noDrop,noShop",,,,,非常に重い盾だ。,It's like your very on portable wall!
YarCraft_shield_tower_stone,重層盾,,個,m,tower shield,,,shield,,100,,obj_S flat,1133,,,,,100,,,factory_stone,"rock/2,log/2,string,+magic_stone",,granite,metal,3200,46,1000,0,100,2400,0,,,1,,,,"-1,10",,,,,,"noDrop,noShop",,,,,非常に重い盾だ。,It's like your very on portable wall!
